{
    "Bronx": [
        1332110,
        1383202,
        51092,
        3.8354189969296826
    ],
    "Brooklyn": [
        2465233,
        2504282,
        39049,
        1.5839882071998874
    ],
    "Manhattan": [
        1535533,
        1584024,
        48491,
        3.1579262705523097
    ],
    "Queens": [
        2227594,
        2230286,
        2692,
        0.12084787443313279
    ],
    "Staten Island": [
        443721,
        468730,
        25009,
        5.636199323448744
    ]
}